{"data":{"Year":[2011,2012,2013,2014,2015,2016,2017,2018,2019,2020,2021,2011,2012,2013,2014,2015,2016,2017,2018,2019,2020,2021],"Units":["tone","tone","tone","tone","tone","tone","tone","tone","tone","tone","tone","tone","tone","tone","tone","tone","tone","tone","tone","tone","tone","tone"],"Kategorija":["Reciklirane koli\u010dine otpada (R2-R11 + izvoz)","Reciklirane koli\u010dine otpada (R2-R11 + izvoz)","Reciklirane koli\u010dine otpada (R2-R11 + izvoz)","Reciklirane koli\u010dine otpada (R2-R11 + izvoz)","Reciklirane koli\u010dine otpada (R2-R11 + izvoz)","Reciklirane koli\u010dine otpada (R2-R11 + izvoz)","Reciklirane koli\u010dine otpada (R2-R11 + izvoz)","Reciklirane koli\u010dine otpada (R2-R11 + izvoz)","Reciklirane koli\u010dine otpada (R2-R11 + izvoz)","Reciklirane koli\u010dine otpada (R2-R11 + izvoz)","Reciklirane koli\u010dine otpada (R2-R11 + izvoz)","Ukupne stvorene koli\u010dine otpada","Ukupne stvorene koli\u010dine otpada","Ukupne stvorene koli\u010dine otpada","Ukupne stvorene koli\u010dine otpada","Ukupne stvorene koli\u010dine otpada","Ukupne stvorene koli\u010dine otpada","Ukupne stvorene koli\u010dine otpada","Ukupne stvorene koli\u010dine otpada","Ukupne stvorene koli\u010dine otpada","Ukupne stvorene koli\u010dine otpada","Ukupne stvorene koli\u010dine otpada"],"Value":[62408.5,83782.8,95912.5,85900.3,57390.9,65469.6,80158.7,105281.5,183447.3,134864.8,214273.3,1132479.7,1027342.7,1117588.7,1103608.6000000001,1148148.7,1153331.3999999999,1135054.5,1261159.7,1276244.6000000001,1314393.6000000001,1477865.8]},"edges":[]}