{"data":{"Year":[2010,2011,2012,2013,2014,2015,2016,2017,2018,2019,2020,2021,2010,2011,2012,2013,2014,2015,2016,2017,2018,2019,2020,2021],"Units":["ukupno novoinficiranih","ukupno novoinficiranih","ukupno novoinficiranih","ukupno novoinficiranih","ukupno novoinficiranih","ukupno novoinficiranih","ukupno novoinficiranih","ukupno novoinficiranih","ukupno novoinficiranih","ukupno novoinficiranih","ukupno novoinficiranih","ukupno novoinficiranih","na 100 000 ljudi","na 100 000 ljudi","na 100 000 ljudi","na 100 000 ljudi","na 100 000 ljudi","na 100 000 ljudi","na 100 000 ljudi","na 100 000 ljudi","na 100 000 ljudi","na 100 000 ljudi","na 100 000 ljudi","na 100 000 ljudi"],"Value":[0.0,3.0,1.0,1.0,0.0,0.0,0.0,1.0,2.0,0.0,1.0,1.0,0.0,0.004838483,0.001612828,0.001612828,0.0,0.0,0.0,0.001612828,0.003225656,0.0,0.001612828,0.001612828]},"edges":[]}