Year,Value,Units
2010,0.0,na 1 000 000 ljudi
2011,0.0,na 1 000 000 ljudi
2012,0.0,na 1 000 000 ljudi
2013,0.0,na 1 000 000 ljudi
2014,0.0,na 1 000 000 ljudi
2015,0.00067,na 1 000 000 ljudi
2016,0.00151,na 1 000 000 ljudi
2017,0.00153,na 1 000 000 ljudi
2018,0.0,na 1 000 000 ljudi
2019,0.0,na 1 000 000 ljudi
2020,0.0,na 1 000 000 ljudi
2021,0.0,na 1 000 000 ljudi
