Year,Units,Value
2010,na 1 000 000 ljudi,0.0
2011,na 1 000 000 ljudi,0.0
2012,na 1 000 000 ljudi,0.0
2013,na 1 000 000 ljudi,0.0
2014,na 1 000 000 ljudi,0.0
2015,na 1 000 000 ljudi,0.00067
2016,na 1 000 000 ljudi,0.00151
2017,na 1 000 000 ljudi,0.00153
2018,na 1 000 000 ljudi,0.0
2019,na 1 000 000 ljudi,0.0
2020,na 1 000 000 ljudi,0.0
2021,na 1 000 000 ljudi,0.0
