Year,Value,Units
2010,0.0,per 1 000 000 population
2011,0.0,per 1 000 000 population
2012,0.0,per 1 000 000 population
2013,0.0,per 1 000 000 population
2014,0.0,per 1 000 000 population
2015,0.00067,per 1 000 000 population
2016,0.00151,per 1 000 000 population
2017,0.00153,per 1 000 000 population
2018,0.0016,per 1 000 000 population
2019,0.00159,per 1 000 000 population
2020,0.0,per 1 000 000 population
2021,0.0,per 1 000 000 population
