Year,Value,Units
2010,0.0,per_1000000_population
2011,0.0,per_1000000_population
2012,0.0,per_1000000_population
2013,0.0,per_1000000_population
2014,0.0,per_1000000_population
2015,0.00067,per_1000000_population
2016,0.00151,per_1000000_population
2017,0.00153,per_1000000_population
2018,0.0016,per_1000000_population
2019,0.00159,per_1000000_population
2020,0.0,per_1000000_population
2021,0.0,per_1000000_population
