Year,Units,Value
2010,per 1 000 000 population,0.0
2011,per 1 000 000 population,0.0
2012,per 1 000 000 population,0.0
2013,per 1 000 000 population,0.0
2014,per 1 000 000 population,0.0
2015,per 1 000 000 population,0.00067
2016,per 1 000 000 population,0.00151
2017,per 1 000 000 population,0.00153
2018,per 1 000 000 population,0.0016
2019,per 1 000 000 population,0.00159
2020,per 1 000 000 population,0.0
2021,per 1 000 000 population,0.0
