{"Year":[2010,2011,2012,2013,2014,2015,2016,2017,2018,2019,2020,2021],"Units":["per_1000000_population","per_1000000_population","per_1000000_population","per_1000000_population","per_1000000_population","per_1000000_population","per_1000000_population","per_1000000_population","per_1000000_population","per_1000000_population","per_1000000_population","per_1000000_population"],"Value":[0.0,0.0,0.0,0.0,0.0,0.00067,0.00151,0.00153,0.0016,0.00159,0.0,0.0]}